English,Spanish
Primary Provider Listing,Listado de proveedores de atención primaria
Adolescent Medicine,Medicina del adolescente
"Cardiovascular Disease,Internal Medicine","Enfermedad Cardiovascular, Medicina Interna"
"Dermatology, Family Medicine","Dermatología, Medicina Familiar"
Family Medicine,Medicina Familiar
"Family Medicine, Infectious Diseases",Enfermedades infecciosas
"Family Medicine, Orthopaedic Surgery",Cirugía ortopédica
"Family Medicine, Psychiatry","Medicina Familiar, Psiquiatría"
General Practice,Medicina general
Internal Medicine,Medicina interna
"Internal Medicine, Pediatrics","Medicina Interna, Pediatría"
Pediatrics,Pediatría
"Pediatrics, Pediatric Neurology","Pediatría, Neurología Pediátrica"
Physician Assistant PCP,Asistente medico PCP
Specialist Providers Listing,Listado de proveedores especialistas
Addiction Medicine,Medicina de la adicción
Advanced Heart Failure And Transplant Cardiology,Insuficiencia Cardíaca Avanzada Y Cardiología De Trasplantes
Allergy And Immunology,Alergia e inmunología
Audiology,Audiología
Bariatric Surgery,Cirugía bariátrica
Behavior Analyst,Analista de comportamiento
Brain Injury Medicine,Medicina para lesiones cerebrales
Breast Surgery,Cirugía de mamas
Burn Surgery,Cirugía de quemaduras
Cardiac Electrophysiology,Electrofisiología cardiaca
"Cardiac Electrophysiology, Cardiovascular Disease","Electrofisiología Cardíaca, Enfermedad Cardiovascular"
Cardiac Surgery,Cirugía cardíaca
"Cardiac Surgery,Thoracic Surgery",Cirugía torácica
Cardiovascular Disease,Enfermedad cardiovascular
"Cardiovascular Disease, Internal Medicine","Enfermedad Cardiovascular, Medicina Interna"
Certified Nurse Midwife,Enfermera partera certificada
Child And Adolescent Psychiatry,Psiquiatría Infantil y Adolescente
Child Psychology,Psicología infantil
Clinical Genetics,Genética clínica
Clinical Neurophysiology,Neurofisiología clínica
Colon And Rectal Surgery,Cirugía de colon y recto
"Colon And Rectal Surgery, General Surgery","Cirugía De Colon Y Recto, Cirugía General"
Critical Care Medicine,Medicina de Terapia Intensiva
"Critical Care Medicine, Pulmonary Disease","Medicina de Cuidados Críticos, Enfermedad Pulmonar"
Dermatology,Dermatología
Developmental And Behavioral Pediatrics,Pediatría del Desarrollo y el comportamiento
Emergency Medicine,Medicina de emergencia
"Emergency Medicine, Sports Medicine","Medicina de Emergencia, Medicina Deportiva"
Endocrinology Diabetes And Metabolism,Endocrinología Diabetes Y Metabolism
Family Medicine,Medicina Familiar
Family Medicine - Specialist,Medicina familiar - Especialista
Female Pelvic Reproductive Surgery,Cirugía reproductiva pélvica femenina
Gastroenterology,Gastroenterología
General Surgery,Cirugía General
Gynecologic Oncology,Oncología ginecológica
Gynecology,Ginecología
Hand Surgery,Cirugía de la mano
Hematology,Hematología
Hematology Oncology,Hematología Oncología
Hospice And Palliative Medicine,Hospicio y medicina paliativa
Infectious Diseases,Enfermedades infecciosas
Internal Medicine,Medicina interna
Internal Medicine - Specialist,Medicina interna - Especialista
Interventional Cardiology,Cardiología intervencionista
"Interventional Cardiology,Pediatric Cardiology",Cardiología pediátrica
Interventional Radiology,Radiología intervencional
Licensed Marriage And Family Therapist,Terapeuta matrimonial y familiar con licencia
Licensed clinical prof counselor ,Consejera profesional licenciada
Licensed clinical social worker,Trabajadora social clínica licenciada
Maternal - Fetal Medicine,Medicina maternofetal
Medical Genetics ,Genética médica
Medical Oncology,Oncología médica
Neonatal-Perinatal Medicine,Medicina neonatal y perinatal
Nephrology,Nefrología
Neurology,Neurología
Neuropsychology,Neuropsicología
Neurosurgery,Neurocirugía
Nutritionist,Nutricionista
Obstetrics And Gynecology,Ginecología
Ophthalmology,Oftalmología
"Ophthalmology, Pediatric Ophthalmology","Oftalmología, Oftalmología Pediátrica"
Oral & Maxillofacial Surgery,Cirugía Oral y Maxilofacial
Orthopaedic Surgery,Cirugía ortopédica
Orthopedic Oncology,Oncología ortopédica
Otolaryngology,Otorrinolaringología
Pain Medicine,Medicina del dolor
Pediatric Allergy And Immunology,Alergia e inmunología
Pediatric Cardiac Surgery,Cirugía cardiaca
Pediatric Cardiology,Cardiología pediátrica
Pediatric Clinical Genetics,Genética clínica
Pediatric Critical Care Medicine,Medicina de Terapia Intensiva
Pediatric Dermatology,Dermatología
Pediatric Endocrinology,Endocrinología pediátrica
Pediatric Gastroenterology,Gastroenterología
Pediatric Genetics,Genética pediátrica
Pediatric Hematology-Oncology,Hematología y oncología pediátrica
Pediatric Infectious Diseases,Enfermedades infecciosas
Pediatric Nephrology,Nefrología
Pediatric Neurodevelopmental Disabilities,Discapacidades del neurodesarrollo
Pediatric Neurology,Neurología
Pediatric Neuropsychology,Pediatric Neuropsychology
Pediatric Neurosurgery,Neurocirugía
Pediatric Ophthalmology,Oftalmología
Pediatric Orthopaedic Surgery,Cirugía ortopédica
"Pediatric Orthopaedic Surgery,Sports Medicine",Medicina deportiva
Pediatric Otolaryngology,Otorrinolaringología
Pediatric Physical And Rehabilitation Medicine,Medicina Física y Rehabilitación Pediátrica
Pediatric Plastic And Reconstructive Surgery,Cirugía plástica y reconstructiva pediátrica
Pediatric Pulmonology,Neumología pediátrica
Pediatric Rheumatology,Reumatología pediátrica
Pediatric Surgery,Cirugía pediátrica
Pediatric Transplant Hepatology,Hepatología pediátrica y trasplante
Pediatric Urology,Urología pediátrica
"Pediatric Urology, Urology",Urología
Pediatrics - Specialist,Pediatría - Especialista
"Pediatrics, Pediatric Neurology",Neurología
Physical Medicine And Rehabilitation,Medicina física y rehabilitación
Physician Assistant,Asistente medico
Plastic Surgery,Cirugía plástica
Podiatry,Podiatría
Psychiatry,Psiquiatría
Psychology,Psicología
Pulmonary Disease,Enfermedad pulmonar
"Pulmonary Disease, Sleep Medicine",Medicina del sueño
Radiation Oncology,Oncología radioterápica
Registered Dietician,Dietista registrada
Reproductive Endocrinology And Infertility,Endocrinología de la reproducción e infertilidad
Rheumatology,Reumatología
Sleep Medicine,Medicina del sueño
Speech And Language Pathology,Patología del habla y lenguaje
Sports Medicine,Medicina deportiva
Surgical Critical Care,Cuidados intensivos quirúrgicos
Surgical Oncology,Oncología quirúrgica
Thoracic Surgery,Cirugía torácica
Transplant Hepatology,Hepatología de trasplantes
Transplant Surgery,Cirugía de trasplante
Trauma Surgery,Cirugia de trauma
Undersea And Hyperbaric Medicine,Medicina Submarina e Hiperbárica
UroGynecology,Ginecología
Urology,Urología
Vascular And Interventional Radiology,Radiología intervencional
Vascular Neurology,Neurología
Vascular Surgery,Cirugía vascular
Dental Providers,Proveedores de servicios dentales
Clinic/Center - Federally Qualified Health Center (FQHC),"Clínica/Centro - Servicios su-ministrados por un Centro de Salud con Calificación Federal (FQHC, en inglés)"
Dental Hygienist - Dental Hygienist,Higienista dental
Dental Public Health,Salud Pública Dental
Dentist,Dentista
Dentist Anesthesiologist,Anestesiólogo dentista
Endodontics,Endodoncia
General Practice,Medicina general
Oral And Maxillofacial Surgery,Cirugía Oral y Maxilofacial
Orthodontics And Dentofacial Orthopedics,Ortodoncia y ortopedia dentofacial
Pediatric Dentistry,Odontología pediátrica
Periodontics,Periodoncia
Vision Providers,Proveedores de servicios de la visita
Clinic/Center - Federally Qualified Health Center (FQHC),Clinic/Center - Federally Qualified Health Center (FQHC)
Eyewear Supplier (Equipment Not The Service) - Eyewear Supplier (Equipment Not The Service),"Proveedor de gafas (Equipo, no el servicio) - Proveedor de gafas (Equipo, no el servicio)"
Multi-Specialty,Multiespecialidad
Ophthalmology - Glaucoma Specialist,Oftalmología - Especialista en Glaucoma
Ophthalmology,Oftalmología
Ophthalmology Ophthalmic Plastic And Reconstructive Surgery,Oftalmología Cirugía Plástica Y Reparadora Oftálmica
Ophthalmology Retina Specialist,Especialista en Oftalmología Retina
Optometrist - Corneal And Contact Management,Optometrista - Manejo de la córnea y los contactos
Optometrist,Optometrista
Psychiatry & Neurology - Neurology,Psiquiatría y Neurología - Neurología
Technician/Technologist - Ocularist,Técnico / Tecnólogo - Ocularista
Technician/Technologist - Optician,Técnico / Tecnólogo - Óptico
Facilities,Instalaciones
Pharmacies,Farmacias
Alphabetical Listing of Providers,Lista alfabética de proveedores